subreddit,g_star,c_preban_mean,C_g_star_ratio,post_ban_slope,post_ban_slope_p,Q_backfire,spearman_rho,spearman_p
AskHistorians,0.2107528371227995,0.3248174185442525,1.5412244170881122,-0.000230715357391469,0.4053243538466108,0.56965,0.1393,0.6205
AskReddit,0.0659628967497629,0.06855942597340312,1.0393634808594052,-0.00011220484292081279,0.0004597271557205164,0.56965,0.1393,0.6205
CoonTown,0.1611368709232248,0.0746735206618208,0.46341672290136326,-0.0011450801472468856,3.1933226984391027e-07,0.56965,0.1393,0.6205
KotakuInAction,0.0387391442280814,0.03546687355929935,0.9155306413193809,-0.00026263932505151414,2.2830323194938706e-09,0.56965,0.1393,0.6205
MensRights,0.0440936797078776,0.054869342788317434,1.244381125635897,-0.00038848380434862147,1.9529458885616475e-10,0.56965,0.1393,0.6205
TumblrInAction,0.0566159034465111,0.037912756951730686,0.6696485376683858,-6.707307463018182e-05,0.13262031937593782,0.56965,0.1393,0.6205
askscience,0.0699183387900757,0.42057449957814497,6.015224429757789,0.0007973815450108279,0.025664138007036343,0.56965,0.1393,0.6205
funny,0.0018662450633286,0.06929651359635704,37.131518768902225,-0.0001689048877290477,0.01090665096810236,0.56965,0.1393,0.6205
loseit,0.0049454659095944,0.036756366127460215,7.432336366155392,-0.00011848557298339595,0.010858243664383836,0.56965,0.1393,0.6205
news,0.0675122057465818,0.12059350225923082,1.7862474040901348,0.00020852825681506545,0.08549839107019265,0.56965,0.1393,0.6205
politics,0.0745749774928464,0.05515817619383875,0.7396338295794965,-8.001576756636928e-06,0.7494110137843333,0.56965,0.1393,0.6205
progresspics,0.1128788649396829,0.05640333400051689,0.4996802016981315,-0.00017133375816309407,0.045847845454583355,0.56965,0.1393,0.6205
science,0.115208811153482,0.38451292034835005,3.337530493532298,-0.00044592487097105835,0.23271100608261647,0.56965,0.1393,0.6205
todayilearned,0.071430545211498,0.060322271278517504,0.8444884621825283,-8.133825506462003e-05,0.0004341119752060147,0.56965,0.1393,0.6205
worldnews,0.0582364534382885,0.09277384721099755,1.5930545514641843,-0.00011240830523600655,0.05111367517914944,0.56965,0.1393,0.6205
