subreddit,Q_fit,fit_nll,SS_obs,n_days_fit
AskHistorians,-0.5101964389345484,0.7303548802134368,0.4836158140650272,123
AskReddit,-0.11249156052678178,0.0081884211792439,0.0073604344246589685,123
CoonTown,-0.4673155363516246,0.0652123033382958,0.0444432718953154,84
KotakuInAction,-0.005806814148619832,0.0117126226778377,0.011645002313642133,123
MensRights,0.13903777314165688,0.0211987346440161,0.0246221425083542,123
TumblrInAction,0.008314900755806431,0.0090939671399379,0.009170216580715802,123
askscience,-0.13597565303839665,0.8370695831116158,0.7368728201812282,123
fatpeoplehate,0.3705070410454424,0.0019929607876007,0.0031659778862507815,32
funny,-0.030359116502385985,0.0198577531640919,0.019272652462667773,123
loseit,-0.014176203578400548,0.0128712862819801,0.012691370825469275,123
news,0.08740622589542968,0.0581851112682868,0.06375795334060608,123
politics,-0.18786086931045443,0.0048270392434154,0.004063640252934222,123
progresspics,-0.10913551399648735,0.0513092612087545,0.04626058814389113,123
science,-1.8010715226595804,2.317078640580138,0.8272115231031667,123
todayilearned,0.11466389602815619,0.0032296471427842,0.003647933398734309,123
worldnews,0.03214838723192992,0.0176755827525512,0.01826269907429174,123
