subreddit,g_star,n_days,n_preban_days,is_banned,Q_fit,fit_nll,SS_obs,n_days_fit,Q_backfire,c_preban_mean,C_g_star_ratio,post_ban_slope,post_ban_slope_p,spearman_rho,spearman_p,stability_margin,Q_regime,regime,alpha_gov,alpha_gov_min,Xi,C_volatility,Q_user,Q_fit_scaled,gate_reason,passed_gate,MCI,n_components,Q_substitution_diag,Q_spillover_diag,MCI_rank_all,MCI_rank_banned,MCI_rank_control
AskHistorians,0.2107528371227995,123,40,False,-0.5101964389345484,0.7303548802134368,0.4836158140650272,123,0.56965,0.3248174185442525,1.5412244170881122,-0.000230715357391469,0.4053243538466108,0.1393,0.6205,,0.5,Indeterminate,0.2488783888869481,inf,,0.0274225104418865,0.01311968945071926,0.0,,True,0.37917196894507177,4,0.48832125805215315,,5.0,,9.0
AskReddit,0.0659628967497629,123,40,False,-0.11249156052678178,0.0081884211792439,0.0073604344246589685,123,0.56965,0.06855942597340312,1.0393634808594052,-0.00011220484292081279,0.0004597271557205164,0.1393,0.6205,,0.5,Indeterminate,0.2784035794031365,inf,,0.0041218749548676,0.01311968945071926,0.0,,True,0.37917196894507177,4,0.48832125805215315,,5.0,,9.0
CoonTown,0.1611368709232248,84,40,True,-0.4673155363516246,0.0652123033382958,0.0444432718953154,84,0.56965,0.0746735206618208,0.46341672290136326,-0.0011450801472468856,3.1933226984391027e-07,0.1393,0.6205,,0.5,Structural instability,0.282619206379039,inf,-0.08282255767635,0.0203895613916148,0.01311968945071926,0.0,,True,0.37917196894507177,4,0.48832125805215315,,5.0,1.0,
KotakuInAction,0.0387391442280814,123,40,False,-0.005806814148619832,0.0117126226778377,0.011645002313642133,123,0.56965,0.03546687355929935,0.9155306413193809,-0.00026263932505151414,2.2830323194938706e-09,0.1393,0.6205,,0.5,Structural instability,0.2764122126137005,inf,-0.1783753872371568,0.006883021355928,0.01311968945071926,0.0,,True,0.37917196894507177,4,0.48832125805215315,,5.0,,9.0
MensRights,0.0440936797078776,123,40,False,0.13903777314165688,0.0211987346440161,0.0246221425083542,123,0.56965,0.054869342788317434,1.244381125635897,-0.00038848380434862147,1.9529458885616475e-10,0.1393,0.6205,,0.5,Indeterminate,0.2077775207894021,inf,,0.0109490520583981,0.01311968945071926,0.13903777314165688,,True,0.40697952357340317,4,0.48832125805215315,,1.0,,1.0
TumblrInAction,0.0566159034465111,123,40,False,0.008314900755806431,0.0090939671399379,0.009170216580715802,123,0.56965,0.037912756951730686,0.6696485376683858,-6.707307463018182e-05,0.13262031937593782,0.1393,0.6205,,0.5,Indeterminate,0.30443633911306,inf,,0.0035270421995606,0.01311968945071926,0.008314900755806431,,True,0.38083494909623306,4,0.48832125805215315,,4.0,,4.0
askscience,0.0699183387900757,123,40,False,-0.13597565303839665,0.8370695831116158,0.7368728201812282,123,0.56965,0.42057449957814497,6.015224429757789,0.0007973815450108279,0.025664138007036343,0.1393,0.6205,,0.5,Indeterminate,0.3058951304724802,inf,,0.0400061063394744,0.01311968945071926,0.0,,True,0.37917196894507177,4,0.48832125805215315,,5.0,,9.0
fatpeoplehate,0.9569619411407786,32,32,True,0.3705070410454424,0.0019929607876007,0.0031659778862507815,32,,,,,,,,,0.5,Indeterminate,0.2231225236397515,inf,,0.0073845486412059,0.01311968945071926,0.3705070410454424,,True,0.3756889619236007,3,0.48832125805215315,,15.0,2.0,
funny,0.0018662450633286,123,40,False,-0.030359116502385985,0.0198577531640919,0.019272652462667773,123,0.56965,0.06929651359635704,37.131518768902225,-0.0001689048877290477,0.01090665096810236,0.1393,0.6205,,0.5,Indeterminate,0.3370108403747981,inf,,0.0050317179680106,0.01311968945071926,0.0,,True,0.37917196894507177,4,0.48832125805215315,,5.0,,9.0
loseit,0.0049454659095944,123,40,False,-0.014176203578400548,0.0128712862819801,0.012691370825469275,123,0.56965,0.036756366127460215,7.432336366155392,-0.00011848557298339595,0.010858243664383836,0.1393,0.6205,,0.5,Indeterminate,0.3417023332152069,inf,,0.0060840475912856,0.01311968945071926,0.0,,True,0.37917196894507177,4,0.48832125805215315,,5.0,,9.0
news,0.0675122057465818,123,40,False,0.08740622589542968,0.0581851112682868,0.06375795334060608,123,0.56965,0.12059350225923082,1.7862474040901348,0.00020852825681506545,0.08549839107019265,0.1393,0.6205,-0.9046945978990913,0.1407119631506225,Governance trap,0.3441516327822558,3.6110401424871057,0.0007138958230049,0.0099188892824453,0.01311968945071926,0.08740622589542968,,True,0.28886680306934454,4,0.48832125805215315,,16.0,,14.0
politics,0.0745749774928464,123,40,False,-0.18786086931045443,0.0048270392434154,0.004063640252934222,123,0.56965,0.05515817619383875,0.7396338295794965,-8.001576756636928e-06,0.7494110137843333,0.1393,0.6205,,0.5,Indeterminate,0.2065126613153931,inf,,0.004006155721214,0.01311968945071926,0.0,,True,0.37917196894507177,4,0.48832125805215315,,5.0,,9.0
progresspics,0.1128788649396829,123,40,False,-0.10913551399648735,0.0513092612087545,0.04626058814389113,123,0.56965,0.05640333400051689,0.4996802016981315,-0.00017133375816309407,0.045847845454583355,0.1393,0.6205,,0.5,Structural instability,0.3989227675721413,inf,-0.1524286326216478,0.0086990084582653,0.01311968945071926,0.0,,True,0.37917196894507177,4,0.48832125805215315,,5.0,,9.0
science,0.115208811153482,123,40,False,-1.8010715226595804,2.317078640580138,0.8272115231031667,123,0.56965,0.38451292034835005,3.337530493532298,-0.00044592487097105835,0.23271100608261647,0.1393,0.6205,,0.5,Indeterminate,0.4451934403142601,inf,,0.0332658506072752,0.01311968945071926,0.0,,True,0.37917196894507177,4,0.48832125805215315,,5.0,,9.0
todayilearned,0.071430545211498,123,40,False,0.11466389602815619,0.0032296471427842,0.003647933398734309,123,0.56965,0.060322271278517504,0.8444884621825283,-8.133825506462003e-05,0.0004341119752060147,0.1393,0.6205,,0.5,Structural instability,0.2428841554250595,inf,-0.0274258385599691,0.003661639182574,0.01311968945071926,0.11466389602815619,,True,0.4021047481507031,4,0.48832125805215315,,2.0,,2.0
worldnews,0.0582364534382885,123,40,False,0.03214838723192992,0.0176755827525512,0.01826269907429174,123,0.56965,0.09277384721099755,1.5930545514641843,-0.00011240830523600655,0.05111367517914944,0.1393,0.6205,,0.5,Indeterminate,0.295012981915051,inf,,0.004920503663857,0.01311968945071926,0.03214838723192992,,True,0.3856016463914578,4,0.48832125805215315,,3.0,,3.0
